Workbook

Sheet Raw_Inventory
A1: Raw Seasonal Inventory Data
A2: Synthetic dataset generated to model real seasonal sell-through patterns (no live scrape source available).
A4: SKU | B4: Category | C4: Season | D4: Month | E4: Units_Sold | F4: Units_In_Stock | G4: Price_INR | H4: Discount_Pct
A5: SKU-T-0001 | B5: T-Shirt | C5: Summer | D5: Mar | E5: 96 | F5: 85 | G5: 641.76 | H5: 30
A6: SKU-T-0002 | B6: T-Shirt | C6: Summer | D6: Apr | E6: 162 | F6: 181 | G6: 666.62 | H6: 0
A7: SKU-T-0003 | B7: T-Shirt | C7: Summer | D7: May | E7: 84 | F7: 32 | G7: 703.28 | H7: 30
A8: SKU-T-0004 | B8: T-Shirt | C8: Summer | D8: Jun | E8: 100 | F8: 86 | G8: 794.71 | H8: 30
A9: SKU-JE0005 | B9: Jeans | C9: Summer | D9: Mar | E9: 39 | F9: 19 | G9: 1765.54 | H9: 10
A10: SKU-JE0006 | B10: Jeans | C10: Summer | D10: Apr | E10: 38 | F10: 15 | G10: 1660.13 | H10: 40
A11: SKU-JE0007 | B11: Jeans | C11: Summer | D11: May | E11: 66 | F11: 57 | G11: 1687.28 | H11: 30
A12: SKU-JE0008 | B12: Jeans | C12: Summer | D12: Jun | E12: 99 | F12: 84 | G12: 1739.95 | H12: 30
A13: SKU-DR0009 | B13: Dress | C13: Summer | D13: Mar | E13: 135 | F13: 111 | G13: 1518.93 | H13: 15
A14: SKU-DR0010 | B14: Dress | C14: Summer | D14: Apr | E14: 98 | F14: 98 | G14: 1379.78 | H14: 15
A15: SKU-DR0011 | B15: Dress | C15: Summer | D15: May | E15: 263 | F15: 251 | G15: 1457 | H15: 0
A16: SKU-DR0012 | B16: Dress | C16: Summer | D16: Jun | E16: 134 | F16: 131 | G16: 1406.06 | H16: 20
... A76: SKU-SN0072 | B76: Sneakers | C76: Spring | D76: Feb | E76: 36 | F76: 24 | G76: 3382.43 | H76: 15

Sheet Seasonal_Summary
A1: Seasonal Demand Summary (Category x Season)
A2: Built with SUMIFS / AVERAGEIFS against Raw_Inventory (recalculates automatically if raw data changes).
A4: Category | B4: Season | C4: Total_Units_Sold | D4: Avg_Units_In_Stock | E4: Avg_Price_INR | F4: Avg_Discount_Pct | G4: Stock_Cover_Ratio
A5: Dress | B5: Summer | C5: =SUMIFS(Raw_Inventory!E5:E76,Raw_Inventory!B5:B76,A5,Raw_Inventory!C5:C76,B5) -> 630 | D5: =IFERROR(AVERAGEIFS(Raw_Inventory!F5:F76,Raw_Inventory!B5:B76,A5,Raw_Inventory!C5:C76,B5),0) -> 147.75 | E5: =IFERROR(AVERAGEIFS(Raw_Inventory!G5:G76,Raw_Inventory!B5:B76,A5,Raw_Inventory!C5:C76,B5),0) -> 1440.4425 | F5: =IFERROR(AVERAGEIFS(Raw_Inventory!H5:H76,Raw_Inventory!B5:B76,A5,Raw_Inventory!C5:C76,B5),0) -> 12.5 | G5: =IFERROR(D5/(C5/4),0) -> 0.93809524
A6: Dress | B6: Monsoon | C6: =SUMIFS(Raw_Inventory!E5:E76,Raw_Inventory!B5:B76,A6,Raw_Inventory!C5:C76,B6) -> 347 | D6: =IFERROR(AVERAGEIFS(Raw_Inventory!F5:F76,Raw_Inventory!B5:B76,A6,Raw_Inventory!C5:C76,B6),0) -> 84.333333 | E6: =IFERROR(AVERAGEIFS(Raw_Inventory!G5:G76,Raw_Inventory!B5:B76,A6,Raw_Inventory!C5:C76,B6),0) -> 1460.69 | F6: =IFERROR(AVERAGEIFS(Raw_Inventory!H5:H76,Raw_Inventory!B5:B76,A6,Raw_Inventory!C5:C76,B6),0) -> 16.666667 | G6: =IFERROR(D6/(C6/4),0) -> 0.97214217
A7: Dress | B7: Winter | C7: =SUMIFS(Raw_Inventory!E5:E76,Raw_Inventory!B5:B76,A7,Raw_Inventory!C5:C76,B7) -> 338 | D7: =IFERROR(AVERAGEIFS(Raw_Inventory!F5:F76,Raw_Inventory!B5:B76,A7,Raw_Inventory!C5:C76,B7),0) -> 59.5 | E7: =IFERROR(AVERAGEIFS(Raw_Inventory!G5:G76,Raw_Inventory!B5:B76,A7,Raw_Inventory!C5:C76,B7),0) -> 1559.1775 | F7: =IFERROR(AVERAGEIFS(Raw_Inventory!H5:H76,Raw_Inventory!B5:B76,A7,Raw_Inventory!C5:C76,B7),0) -> 17.5 | G7: =IFERROR(D7/(C7/4),0) -> 0.70414201
A8: Dress | B8: Spring | C8: =SUMIFS(Raw_Inventory!E5:E76,Raw_Inventory!B5:B76,A8,Raw_Inventory!C5:C76,B8) -> 77 | D8: =IFERROR(AVERAGEIFS(Raw_Inventory!F5:F76,Raw_Inventory!B5:B76,A8,Raw_Inventory!C5:C76,B8),0) -> 24 | E8: =IFERROR(AVERAGEIFS(Raw_Inventory!G5:G76,Raw_Inventory!B5:B76,A8,Raw_Inventory!C5:C76,B8),0) -> 1473.33 | F8: =IFERROR(AVERAGEIFS(Raw_Inventory!H5:H76,Raw_Inventory!B5:B76,A8,Raw_Inventory!C5:C76,B8),0) -> 30 | G8: =IFERROR(D8/(C8/4),0) -> 1.2467532
A9: Jacket | B9: Summer | C9: =SUMIFS(Raw_Inventory!E5:E76,Raw_Inventory!B5:B76,A9,Raw_Inventory!C5:C76,B9) -> 399 | D9: =IFERROR(AVERAGEIFS(Raw_Inventory!F5:F76,Raw_Inventory!B5:B76,A9,Raw_Inventory!C5:C76,B9),0) -> 63.75 | E9: =IFERROR(AVERAGEIFS(Raw_Inventory!G5:G76,Raw_Inventory!B5:B76,A9,Raw_Inventory!C5:C76,B9),0) -> 2670.8625 | F9: =IFERROR(AVERAGEIFS(Raw_Inventory!H5:H76,Raw_Inventory!B5:B76,A9,Raw_Inventory!C5:C76,B9),0) -> 8.75 | G9: =IFERROR(D9/(C9/4),0) -> 0.63909774
A10: Jacket | B10: Monsoon | C10: =SUMIFS(Raw_Inventory!E5:E76,Raw_Inventory!B5:B76,A10,Raw_Inventory!C5:C76,B10) -> 281 | D10: =IFERROR(AVERAGEIFS(Raw_Inventory!F5:F76,Raw_Inventory!B5:B76,A10,Raw_Inventory!C5:C76,B10),0) -> 59.333333 | E10: =IFERROR(AVERAGEIFS(Raw_Inventory!G5:G76,Raw_Inventory!B5:B76,A10,Raw_Inventory!C5:C76,B10),0) -> 2448.3033 | F10: =IFERROR(AVERAGEIFS(Raw_Inventory!H5:H76,Raw_Inventory!B5:B76,A10,Raw_Inventory!C5:C76,B10),0) -> 13.333333 | G10: =IFERROR(D10/(C10/4),0) -> 0.84460261
A11: Jacket | B11: Winter | C11: =SUMIFS(Raw_Inventory!E5:E76,Raw_Inventory!B5:B76,A11,Raw_Inventory!C5:C76,B11) -> 701 | D11: =IFERROR(AVERAGEIFS(Raw_Inventory!F5:F76,Raw_Inventory!B5:B76,A11,Raw_Inventory!C5:C76,B11),0) -> 144.25 | E11: =IFERROR(AVERAGEIFS(Raw_Inventory!G5:G76,Raw_Inventory!B5:B76,A11,Raw_Inventory!C5:C76,B11),0) -> 2567.6075 | F11: =IFERROR(AVERAGEIFS(Raw_Inventory!H5:H76,Raw_Inventory!B5:B76,A11,Raw_Inventory!C5:C76,B11),0) -> 18.75 | G11: =IFERROR(D11/(C11/4),0) -> 0.82310984
A12: Jacket | B12: Spring | C12: =SUMIFS(Raw_Inventory!E5:E76,Raw_Inventory!B5:B76,A12,Raw_Inventory!C5:C76,B12) -> 105 | D12: =IFERROR(AVERAGEIFS(Raw_Inventory!F5:F76,Raw_Inventory!B5:B76,A12,Raw_Inventory!C5:C76,B12),0) -> 42 | E12: =IFERROR(AVERAGEIFS(Raw_Inventory!G5:G76,Raw_Inventory!B5:B76,A12,Raw_Inventory!C5:C76,B12),0) -> 2822.96 | F12: =IFERROR(AVERAGEIFS(Raw_Inventory!H5:H76,Raw_Inventory!B5:B76,A12,Raw_Inventory!C5:C76,B12),0) -> 10 | G12: =IFERROR(D12/(C12/4),0) -> 1.6
A13: Jeans | B13: Summer | C13: =SUMIFS(Raw_Inventory!E5:E76,Raw_Inventory!B5:B76,A13,Raw_Inventory!C5:C76,B13) -> 242 | D13: =IFERROR(AVERAGEIFS(Raw_Inventory!F5:F76,Raw_Inventory!B5:B76,A13,Raw_Inventory!C5:C76,B13),0) -> 43.75 | E13: =IFERROR(AVERAGEIFS(Raw_Inventory!G5:G76,Raw_Inventory!B5:B76,A13,Raw_Inventory!C5:C76,B13),0) -> 1713.225 | F13: =IFERROR(AVERAGEIFS(Raw_Inventory!H5:H76,Raw_Inventory!B5:B76,A13,Raw_Inventory!C5:C76,B13),0) -> 27.5 | G13: =IFERROR(D13/(C13/4),0) -> 0.7231405
A14: Jeans | B14: Monsoon | C14: =SUMIFS(Raw_Inventory!E5:E76,Raw_Inventory!B5:B76,A14,Raw_Inventory!C5:C76,B14) -> 169 | D14: =IFERROR(AVERAGEIFS(Raw_Inventory!F5:F76,Raw_Inventory!B5:B76,A14,Raw_Inventory!C5:C76,B14),0) -> 41.333333 | E14: =IFERROR(AVERAGEIFS(Raw_Inventory!G5:G76,Raw_Inventory!B5:B76,A14,Raw_Inventory!C5:C76,B14),0) -> 1732.6367 | F14: =IFERROR(AVERAGEIFS(Raw_Inventory!H5:H76,Raw_Inventory!B5:B76,A14,Raw_Inventory!C5:C76,B14),0) -> 15 | G14: =IFERROR(D14/(C14/4),0) -> 0.97830375
A15: Jeans | B15: Winter | C15: =SUMIFS(Raw_Inventory!E5:E76,Raw_Inventory!B5:B76,A15,Raw_Inventory!C5:C76,B15) -> 281 | D15: =IFERROR(AVERAGEIFS(Raw_Inventory!F5:F76,Raw_Inventory!B5:B76,A15,Raw_Inventory!C5:C76,B15),0) -> 64 | E15: =IFERROR(AVERAGEIFS(Raw_Inventory!G5:G76,Raw_Inventory!B5:B76,A15,Raw_Inventory!C5:C76,B15),0) -> 1779.255 | F15: =IFERROR(AVERAGEIFS(Raw_Inventory!H5:H76,Raw_Inventory!B5:B76,A15,Raw_Inventory!C5:C76,B15),0) -> 26.25 | G15: =IFERROR(D15/(C15/4),0) -> 0.91103203
A16: Jeans | B16: Spring | C16: =SUMIFS(Raw_Inventory!E5:E76,Raw_Inventory!B5:B76,A16,Raw_Inventory!C5:C76,B16) -> 62 | D16: =IFERROR(AVERAGEIFS(Raw_Inventory!F5:F76,Raw_Inventory!B5:B76,A16,Raw_Inventory!C5:C76,B16),0) -> 23 | E16: =IFERROR(AVERAGEIFS(Raw_Inventory!G5:G76,Raw_Inventory!B5:B76,A16,Raw_Inventory!C5:C76,B16),0) -> 1684.54 | F16: =IFERROR(AVERAGEIFS(Raw_Inventory!H5:H76,Raw_Inventory!B5:B76,A16,Raw_Inventory!C5:C76,B16),0) -> 15 | G16: =IFERROR(D16/(C16/4),0) -> 1.483871
A17: Kurta | B17: Summer | C17: =SUMIFS(Raw_Inventory!E5:E76,Raw_Inventory!B5:B76,A17,Raw_Inventory!C5:C76,B17) -> 229 | D17: =IFERROR(AVERAGEIFS(Raw_Inventory!F5:F76,Raw_Inventory!B5:B76,A17,Raw_Inventory!C5:C76,B17),0) -> 41 | E17: =IFERROR(AVERAGEIFS(Raw_Inventory!G5:G76,Raw_Inventory!B5:B76,A17,Raw_Inventory!C5:C76,B17),0) -> 1172.705 | F17: =IFERROR(AVERAGEIFS(Raw_Inventory!H5:H76,Raw_Inventory!B5:B76,A17,Raw_Inventory!C5:C76,B17),0) -> 13.75 | G17: =IFERROR(D17/(C17/4),0) -> 0.71615721
A18: Kurta | B18: Monsoon | C18: =SUMIFS(Raw_Inventory!E5:E76,Raw_Inventory!B5:B76,A18,Raw_Inventory!C5:C76,B18) -> 345 | D18: =IFERROR(AVERAGEIFS(Raw_Inventory!F5:F76,Raw_Inventory!B5:B76,A18,Raw_Inventory!C5:C76,B18),0) -> 105 | E18: =IFERROR(AVERAGEIFS(Raw_Inventory!G5:G76,Raw_Inventory!B5:B76,A18,Raw_Inventory!C5:C76,B18),0) -> 1202.99 | F18: =IFERROR(AVERAGEIFS(Raw_Inventory!H5:H76,Raw_Inventory!B5:B76,A18,Raw_Inventory!C5:C76,B18),0) -> 20 | G18: =IFERROR(D18/(C18/4),0) -> 1.2173913
A19: Kurta | B19: Winter | C19: =SUMIFS(Raw_Inventory!E5:E76,Raw_Inventory!B5:B76,A19,Raw_Inventory!C5:C76,B19) -> 978 | D19: =IFERROR(AVERAGEIFS(Raw_Inventory!F5:F76,Raw_Inventory!B5:B76,A19,Raw_Inventory!C5:C76,B19),0) -> 185.5 | E19: =IFERROR(AVERAGEIFS(Raw_Inventory!G5:G76,Raw_Inventory!B5:B76,A19,Raw_Inventory!C5:C76,B19),0) -> 1219.0225 | F19: =IFERROR(AVERAGEIFS(Raw_Inventory!H5:H76,Raw_Inventory!B5:B76,A19,Raw_Inventory!C5:C76,B19),0) -> 23.75 | G19: =IFERROR(D19/(C19/4),0) -> 0.75869121
A20: Kurta | B20: Spring | C20: =SUMIFS(Raw_Inventory!E5:E76,Raw_Inventory!B5:B76,A20,Raw_Inventory!C5:C76,B20) -> 56 | D20: =IFERROR(AVERAGEIFS(Raw_Inventory!F5:F76,Raw_Inventory!B5:B76,A20,Raw_Inventory!C5:C76,B20),0) -> 30 | E20: =IFERROR(AVERAGEIFS(Raw_Inventory!G5:G76,Raw_Inventory!B5:B76,A20,Raw_Inventory!C5:C76,B20),0) -> 1090.97 | F20: =IFERROR(AVERAGEIFS(Raw_Inventory!H5:H76,Raw_Inventory!B5:B76,A20,Raw_Inventory!C5:C76,B20),0) -> 10 | G20: =IFERROR(D20/(C20/4),0) -> 2.1428571
A21: Sneakers | B21: Summer | C21: =SUMIFS(Raw_Inventory!E5:E76,Raw_Inventory!B5:B76,A21,Raw_Inventory!C5:C76,B21) -> 269 | D21: =IFERROR(AVERAGEIFS(Raw_Inventory!F5:F76,Raw_Inventory!B5:B76,A21,Raw_Inventory!C5:C76,B21),0) -> 40 | E21: =IFERROR(AVERAGEIFS(Raw_Inventory!G5:G76,Raw_Inventory!B5:B76,A21,Raw_Inventory!C5:C76,B21),0) -> 3041.3175 | F21: =IFERROR(AVERAGEIFS(Raw_Inventory!H5:H76,Raw_Inventory!B5:B76,A21,Raw_Inventory!C5:C76,B21),0) -> 20 | G21: =IFERROR(D21/(C21/4),0) -> 0.59479554
A22: Sneakers | B22: Monsoon | C22: =SUMIFS(Raw_Inventory!E5:E76,Raw_Inventory!B5:B76,A22,Raw_Inventory!C5:C76,B22) -> 678 | D22: =IFERROR(AVERAGEIFS(Raw_Inventory!F5:F76,Raw_Inventory!B5:B76,A22,Raw_Inventory!C5:C76,B22),0) -> 181.66667 | E22: =IFERROR(AVERAGEIFS(Raw_Inventory!G5:G76,Raw_Inventory!B5:B76,A22,Raw_Inventory!C5:C76,B22),0) -> 3112.1967 | F22: =IFERROR(AVERAGEIFS(Raw_Inventory!H5:H76,Raw_Inventory!B5:B76,A22,Raw_Inventory!C5:C76,B22),0) -> 26.666667 | G22: =IFERROR(D22/(C22/4),0) -> 1.0717797
A23: Sneakers | B23: Winter | C23: =SUMIFS(Raw_Inventory!E5:E76,Raw_Inventory!B5:B76,A23,Raw_Inventory!C5:C76,B23) -> 271 | D23: =IFERROR(AVERAGEIFS(Raw_Inventory!F5:F76,Raw_Inventory!B5:B76,A23,Raw_Inventory!C5:C76,B23),0) -> 35 | E23: =IFERROR(AVERAGEIFS(Raw_Inventory!G5:G76,Raw_Inventory!B5:B76,A23,Raw_Inventory!C5:C76,B23),0) -> 3006.89 | F23: =IFERROR(AVERAGEIFS(Raw_Inventory!H5:H76,Raw_Inventory!B5:B76,A23,Raw_Inventory!C5:C76,B23),0) -> 25 | G23: =IFERROR(D23/(C23/4),0) -> 0.51660517
A24: Sneakers | B24: Spring | C24: =SUMIFS(Raw_Inventory!E5:E76,Raw_Inventory!B5:B76,A24,Raw_Inventory!C5:C76,B24) -> 36 | D24: =IFERROR(AVERAGEIFS(Raw_Inventory!F5:F76,Raw_Inventory!B5:B76,A24,Raw_Inventory!C5:C76,B24),0) -> 24 | E24: =IFERROR(AVERAGEIFS(Raw_Inventory!G5:G76,Raw_Inventory!B5:B76,A24,Raw_Inventory!C5:C76,B24),0) -> 3382.43 | F24: =IFERROR(AVERAGEIFS(Raw_Inventory!H5:H76,Raw_Inventory!B5:B76,A24,Raw_Inventory!C5:C76,B24),0) -> 15 | G24: =IFERROR(D24/(C24/4),0) -> 2.6666667
A25: T-Shirt | B25: Summer | C25: =SUMIFS(Raw_Inventory!E5:E76,Raw_Inventory!B5:B76,A25,Raw_Inventory!C5:C76,B25) -> 442 | D25: =IFERROR(AVERAGEIFS(Raw_Inventory!F5:F76,Raw_Inventory!B5:B76,A25,Raw_Inventory!C5:C76,B25),0) -> 96 | E25: =IFERROR(AVERAGEIFS(Raw_Inventory!G5:G76,Raw_Inventory!B5:B76,A25,Raw_Inventory!C5:C76,B25),0) -> 701.5925 | F25: =IFERROR(AVERAGEIFS(Raw_Inventory!H5:H76,Raw_Inventory!B5:B76,A25,Raw_Inventory!C5:C76,B25),0) -> 22.5 | G25: =IFERROR(D25/(C25/4),0) -> 0.86877828
A26: T-Shirt | B26: Monsoon | C26: =SUMIFS(Raw_Inventory!E5:E76,Raw_Inventory!B5:B76,A26,Raw_Inventory!C5:C76,B26) -> 358 | D26: =IFERROR(AVERAGEIFS(Raw_Inventory!F5:F76,Raw_Inventory!B5:B76,A26,Raw_Inventory!C5:C76,B26),0) -> 111.33333 | E26: =IFERROR(AVERAGEIFS(Raw_Inventory!G5:G76,Raw_Inventory!B5:B76,A26,Raw_Inventory!C5:C76,B26),0) -> 741.99667 | F26: =IFERROR(AVERAGEIFS(Raw_Inventory!H5:H76,Raw_Inventory!B5:B76,A26,Raw_Inventory!C5:C76,B26),0) -> 16.666667 | G26: =IFERROR(D26/(C26/4),0) -> 1.2439479
A27: T-Shirt | B27: Winter | C27: =SUMIFS(Raw_Inventory!E5:E76,Raw_Inventory!B5:B76,A27,Raw_Inventory!C5:C76,B27) -> 264 | D27: =IFERROR(AVERAGEIFS(Raw_Inventory!F5:F76,Raw_Inventory!B5:B76,A27,Raw_Inventory!C5:C76,B27),0) -> 60.75 | E27: =IFERROR(AVERAGEIFS(Raw_Inventory!G5:G76,Raw_Inventory!B5:B76,A27,Raw_Inventory!C5:C76,B27),0) -> 741.31 | F27: =IFERROR(AVERAGEIFS(Raw_Inventory!H5:H76,Raw_Inventory!B5:B76,A27,Raw_Inventory!C5:C76,B27),0) -> 15 | G27: =IFERROR(D27/(C27/4),0) -> 0.92045455
A28: T-Shirt | B28: Spring | C28: =SUMIFS(Raw_Inventory!E5:E76,Raw_Inventory!B5:B76,A28,Raw_Inventory!C5:C76,B28) -> 59 | D28: =IFERROR(AVERAGEIFS(Raw_Inventory!F5:F76,Raw_Inventory!B5:B76,A28,Raw_Inventory!C5:C76,B28),0) -> 40 | E28: =IFERROR(AVERAGEIFS(Raw_Inventory!G5:G76,Raw_Inventory!B5:B76,A28,Raw_Inventory!C5:C76,B28),0) -> 719.2 | F28: =IFERROR(AVERAGEIFS(Raw_Inventory!H5:H76,Raw_Inventory!B5:B76,A28,Raw_Inventory!C5:C76,B28),0) -> 15 | G28: =IFERROR(D28/(C28/4),0) -> 2.7118644
A30: Reading it: high Total_Units_Sold + low Stock_Cover_Ratio = fast-fashion demand spike, restock priority.

Sheet SKU_Lookup
A1: SKU Lookup Tool
A2: Type a SKU in the yellow cell. Uses INDEX/MATCH here (this sandbox's LibreOffice engine can't evaluate XLOOKUP), but this is functionally identical to XLOOKUP and the formula bar shows the underlying logic clearly.
A4: Enter SKU: | B4: SKU-T-0001
A6: Category | B6: =IFERROR(INDEX(Raw_Inventory!B5:B76,MATCH($B$4,Raw_Inventory!A5:A76,0)),"Not found") -> T-Shirt
A7: Season | B7: =IFERROR(INDEX(Raw_Inventory!C5:C76,MATCH($B$4,Raw_Inventory!A5:A76,0)),"Not found") -> Summer
A8: Month | B8: =IFERROR(INDEX(Raw_Inventory!D5:D76,MATCH($B$4,Raw_Inventory!A5:A76,0)),"Not found") -> Mar
A9: Units_Sold | B9: =IFERROR(INDEX(Raw_Inventory!E5:E76,MATCH($B$4,Raw_Inventory!A5:A76,0)),"Not found") -> 96
A10: Units_In_Stock | B10: =IFERROR(INDEX(Raw_Inventory!F5:F76,MATCH($B$4,Raw_Inventory!A5:A76,0)),"Not found") -> 85
A11: Price_INR | B11: =IFERROR(INDEX(Raw_Inventory!G5:G76,MATCH($B$4,Raw_Inventory!A5:A76,0)),"Not found") -> 641.76
A12: Discount_Pct | B12: =IFERROR(INDEX(Raw_Inventory!H5:H76,MATCH($B$4,Raw_Inventory!A5:A76,0)),"Not found") -> 30
